4.383959029487321385e-02,-2.357075162316030897e-02,1.230412518937579469e-01,-1.378182316612509284e-01,-5.822070642721790396e-02,1.895165608125582435e-01,-7.184342684522418594e-03,1.410998953949089418e-01,9.400437214983697887e-02,6.973466942271654145e-02,6.550504028160828232e-03,-1.899976801597102333e-02,1.113712842433036559e-01,-1.178430113064330396e-02,4.796269757316284216e-02,-3.028203042122984759e-02,2.274464229234907930e-01,1.993251234118784479e-02,-1.402810977055524433e-01,-1.338876966875962582e-01,-3.162781068435938786e-02,-2.293943240635344660e-03,9.268009189677289816e-02,-1.880545753275886522e-01,1.088899048380344153e-01,-2.910531007865620190e-02,-1.259761669392625572e-01,1.156534726067657559e-01,1.757907844360551142e-01,1.575602208293849782e-01,-1.887957342441436148e-01,7.557201196983474867e-02,7.526599262925721956e-02,-1.583135714299236663e-01
1.491149643873044550e-01,-1.036083550606093640e-01,2.471886543790111912e-01,-2.510301543931198198e-01,-5.126803953369556827e-02,-4.214843298506241315e-02,1.673322312664895228e-01,2.021112893493390017e-01,2.048267112691039005e-01,1.139569525278192053e-01,1.264361302165579182e-01,-3.202872278809775625e-02,2.739366892119706742e-01,1.303714853747648117e-01,6.008299905054086121e-02,-1.483079871928788063e-03,1.102441956043234694e-01,-8.766058303962094567e-02,5.774081847773289422e-02,-5.566834863206113898e-02,7.376664954196239521e-02,1.480082587322223142e-01,-3.879541776414965198e-02,7.222162262036256608e-02,2.199010809205521055e-01,-4.507513872782618891e-02,-2.028431972802389738e-01,8.747653599599540530e-02,2.272566664168951533e-01,2.351960376411298403e-01,-2.232768056765890019e-01,1.747904661410441540e-01,5.928857352277597248e-02,-9.737896536638082634e-02
1.122337208179891369e-02,-2.650829948247230249e-03,6.034082573050289500e-02,-2.635145590784739381e-02,-5.961905403414154148e-02,3.525607058609903782e-02,7.143504021650164126e-02,1.306413602277443631e-01,-4.256101076545198980e-03,-1.596560575065348042e-01,-1.044586496742293952e-01,-1.423872563782782596e-01,3.658378343895862111e-02,1.392592837186776115e-02,-7.137149043171001073e-02,-6.675573229494939642e-02,1.936863473599366448e-01,-7.750242186005214251e-02,5.948244157637117002e-02,-6.841322660887703966e-02,-8.457901163064968086e-02,1.514016968401119823e-01,1.201355522327549469e-01,1.272764489495451512e-01,2.253149911171114517e-01,5.808128574176099623e-02,-5.452756623707617767e-02,8.519545186993596197e-02,4.486100695506143460e-02,3.217086403196953159e-02,-2.514251502948194328e-01,5.020208563764811532e-02,1.779460932275238882e-01,-1.545352124605759159e-01
-1.775387867108712547e-01,6.214628451509805751e-02,-4.210832394217074448e-01,2.009323617517273508e-01,2.922690759222882489e-02,8.702627104278981562e-02,-1.712656838273618476e-01,-2.236123717493921081e-01,-7.505775361588516714e-02,-7.919086289284989200e-02,-3.054000541712074274e-02,5.083705739834695064e-02,-2.582019540747894637e-01,-3.051425531234721045e-01,-4.306062158669479167e-01,-1.062042006376583692e-01,-8.532819885097871204e-02,4.269740215468371264e-02,-2.822296176661654998e-01,-1.817164456385128302e-01,-2.401218004367424719e-01,-2.904265315306200357e-01,-9.589813140670030989e-02,-2.579954932916918575e-01,-1.575376828989374089e-01,-1.359202804579171253e-01,-7.520123002994820449e-02,-4.013471340175996382e-01,-2.622116246262487516e-01,-4.389567231573834327e-01,-1.483656179600939817e-01,-1.117470046807661349e-01,-2.379681079197026317e-01,1.115167971152476040e-01
4.579694147712750490e-02,-1.138445322576693564e-01,4.945388985862003706e-01,-1.802946417072947838e-01,1.858270016907130617e-01,-2.878663327028642138e-01,2.632047180380505669e-01,3.175978420097300692e-01,2.656787977826587377e-01,3.318705115967534036e-01,-7.594979581121949486e-02,1.421147933856703287e-02,1.633656410304464290e-01,3.061175268932119775e-01,2.759116522829777041e-01,5.212251641135104419e-02,3.412809026001296098e-01,-3.238728423369471171e-02,2.584475623973411240e-01,-8.797425004176867569e-02,1.680163354160860156e-01,3.780838445336880821e-02,2.215353775183420970e-01,1.086013280076485524e-02,2.961471602760936683e-01,-3.581284263793732547e-02,-1.603897961887729706e-01,3.265050215682007151e-01,1.440936019181788541e-01,3.210886417203133725e-01,-4.380712870678625526e-02,7.830398436749212016e-03,3.496494434279914243e-01,-2.128006172342553903e-01
2.105072177849154624e-01,-1.553897244937301469e-01,5.194237296821671013e-01,-2.082868729418047571e-01,-2.155135482926157364e-01,-3.123062898877971838e-01,6.057863210778716700e-01,3.910202241035780069e-01,6.361365677894005588e-02,2.141323005979905991e-01,-2.149526259639348846e-01,-3.407284275752363589e-01,2.344882128775036267e-01,3.070591424295098792e-01,4.540711198379009939e-01,3.853044664753511594e-01,3.065655445579569816e-01,-2.199453318526140566e-01,2.923399324255556153e-01,-7.524673670787135338e-02,1.434707121677401831e-02,2.065810983869725004e-01,2.054975837143125650e-01,5.555492917294582722e-03,1.379991169865038836e-01,-3.390927178680753357e-02,-2.018474560246292515e-01,6.150056612632149866e-01,4.498827732421746828e-01,5.098367147391861254e-01,-2.332087225172824740e-01,2.603037262102586014e-01,7.618793581495730827e-02,-3.679707691922546320e-01
-7.859061557941209308e-01,-1.521671877639530325e-03,-8.630005703539567197e-01,1.082303192093700267e-01,2.996174773688646820e-01,2.292236436372578900e-01,-7.067007612720775933e-01,-7.157953874507505532e-01,-4.262601407854261226e-01,-4.742436523184269670e-01,4.105998938668734694e-02,1.932800655481614061e-01,-6.629895736834361397e-01,-1.007501530855523297e+00,-9.043230079934934107e-01,-5.693638797495167436e-01,-4.513942801089381729e-01,1.910126477658705968e-01,-5.555977792254049863e-01,1.527129221849028717e-02,-3.374813456985784610e-01,-5.103519990054059541e-01,-4.155725703731780740e-01,-5.626422195840961177e-02,-5.906187411884904481e-01,-1.103147335120555073e-01,1.825433562061934967e-01,-9.652588387278471238e-01,-1.043900725706682131e+00,-1.078448178094015830e+00,4.072527150576664701e-01,-3.949032888921085171e-01,-6.062879910333173195e-01,3.846332498722352389e-01
1.167706687492532786e-01,-9.626374551579552907e-02,1.636861892727733969e-01,-1.077384196655630511e-01,4.901723458037091780e-02,-5.886352576574194889e-02,1.299572732232206762e-01,2.937616298978497076e-01,1.036637132632230347e-02,7.233203032513073338e-02,-6.791474372488509603e-02,1.013947064159294864e-01,1.056774415173837300e-01,2.347852820116749506e-01,1.566037563417527201e-01,6.636572615318842017e-02,5.584272555407588517e-02,-3.063268148480603054e-02,9.508551924235511543e-02,1.871831993590690121e-02,1.495257425859942146e-01,1.908021565318658019e-01,2.152338537864023904e-01,-8.077423462958435718e-03,3.506671570637362456e-01,2.708688665189944861e-02,9.040953182239225283e-02,1.191643967157294398e-01,2.935737434385258249e-01,2.384437137226596559e-01,-2.280234534039344563e-01,-6.711344674397373700e-02,3.033370930326657611e-01,-1.165620897383862486e-01
1.619393085397456255e-03,1.080585223704668557e-02,1.991414879213140587e-01,-5.515651321470215786e-03,-7.793660364777470206e-02,-1.684841940210974609e-01,7.750136270789589887e-02,3.139407985215473401e-02,-1.708636478648216661e-01,-4.944608301579344473e-03,-2.069466495600192670e-03,-1.881615570553501690e-02,2.233336822771734564e-01,7.378694938887458976e-02,6.091616735473411731e-02,8.924032150005781205e-02,2.355758356852993840e-02,5.497668764444645778e-02,-8.477603554422268733e-03,1.367979240293872578e-01,-4.013441874797631093e-02,6.945117228812930366e-02,-1.269912694285710852e-01,-7.345421932311824165e-02,4.490322859202297567e-03,-4.983709947574887708e-03,9.735982247196377226e-02,1.755593278773257548e-01,8.192760543194939002e-03,1.752275907875872063e-01,-1.599718972579268206e-01,1.937102602822449171e-01,-3.816281516228280796e-02,-2.624152159689304709e-01
2.951719647980984296e-01,-6.508087149174016095e-02,4.453155073548502596e-01,-3.098986998298466911e-01,-1.251815309266811060e-01,-1.917732652165135832e-01,1.967242908951085389e-01,4.011554164452473814e-01,2.072025950366369884e-01,2.923097623376824106e-01,-6.962120415352150704e-02,-2.677069585137871743e-01,2.896151285638057793e-01,3.893928500026985762e-01,4.370878675753749332e-01,1.979381105942461250e-01,1.432124864874562420e-01,-2.868121944203603224e-01,3.940898386416260557e-01,-3.786613668403922967e-02,1.682333155113456269e-01,3.678314972932755778e-01,9.240784158803160009e-02,7.958680129845956130e-02,3.033616010871991175e-01,-4.289379517900287347e-02,-1.687180584247100490e-01,2.748984950896062318e-01,3.792931244096764409e-01,4.901444460963546024e-01,-2.857496933904483116e-01,1.078928086933332309e-01,2.494778464605488522e-01,-4.144535210247252133e-01
1.924621465286739108e-01,-1.070675174136678370e-01,3.045123631228881522e-01,-1.059545267092600468e-01,-2.123007643508939904e-02,-2.598764931667036926e-01,2.444733706543996132e-01,2.686340238932489188e-01,1.464781583098350159e-01,4.466703131427931378e-02,-1.903665143659151737e-01,-2.629833203905665440e-01,1.022328087935832769e-01,4.580476937713793828e-01,2.943895616771304846e-01,3.645631176197274698e-02,1.128498308361067237e-01,6.129691272021425136e-02,1.466454775125073107e-01,-6.550526679181958856e-02,3.299998684268425769e-02,2.501245410263164826e-01,1.834862746426949021e-01,-9.701876282264568219e-02,9.570560320214260841e-02,6.140942119457739462e-02,-1.726721044567937347e-01,1.130816710832519695e-01,2.037909187727868776e-01,2.726143042962733132e-01,-2.601690279404994532e-01,-9.512043752633730920e-02,2.116310152788427046e-01,-4.287536760459782492e-01
-5.075804319234444861e-01,2.547631755565510012e-02,-8.103215505235890070e-01,-6.675312546616331277e-02,2.658184353832497293e-01,3.756502955290086376e-01,-4.652723704557871209e-01,-6.111049765588201232e-01,-2.788957224737045881e-01,-2.174380971718049560e-01,4.211272022150844806e-03,1.032533422933259726e-01,-1.326862599600348303e-01,-6.032485264279452419e-01,-6.126177108159243101e-01,-3.293228226268362091e-01,-5.057087472296611930e-01,1.809802741412417371e-01,-4.578089778231799745e-01,-7.685964103280089332e-02,-5.231266256566150519e-01,-5.748462225243978763e-01,-2.455152996342709337e-01,2.254819667696569829e-02,-4.729839871678043206e-01,-9.982907338146077003e-02,1.846667090288215962e-01,-8.681026064841735890e-01,-6.012567583868947407e-01,-1.044346163699664709e+00,2.192799066206050362e-01,-2.691598908200637519e-01,-5.372636711523208763e-01,5.116444132003759027e-01
2.766886285881464125e-01,-3.904691985156434619e-02,6.347143976063662762e-01,-2.876076035325264013e-01,2.367322752520080367e-03,-2.087345702800680047e-01,4.171085542304608373e-01,2.208854289257188575e-01,2.196833191950695041e-01,1.483689262451689250e-01,-8.834729081166707576e-02,-8.058058280435388687e-02,1.687583819837860100e-01,3.560765151131148887e-01,3.777939652257456538e-01,2.672904429296317774e-01,2.879084794272985803e-01,-2.598091354163581390e-01,4.619558206828122127e-01,1.542233208704525960e-01,1.037047768348787619e-01,2.624517889804081072e-01,2.686255843259346410e-01,-1.958528220058687250e-02,3.304819840769740447e-01,-2.525318882678867505e-01,-1.449476056782372513e-01,1.857967671520116826e-01,4.406720336514078351e-01,4.279487623287941966e-01,-8.253193565929622944e-02,6.650474175813039790e-02,2.834058006250239070e-01,-5.305070378897592809e-01
-4.661140672658803386e-02,-3.560270927318182066e-01,-6.775822722604613046e-02,-1.755441384162849672e-01,-1.633242594510479762e-01,-1.290910256452510729e-01,3.923025628971286288e-02,-5.212677455705428536e-02,5.586383400237505265e-02,1.073985921290692390e-02,1.070331715214946355e-01,-4.715053567619110000e-03,-1.343602995667989020e-01,-1.052839160370212107e-02,7.422342887400998346e-02,9.061007571195535404e-02,-8.464680712015974773e-02,-5.741040399939989491e-02,1.417806966769482625e-02,-1.720013817052584437e-01,2.371043016043924631e-02,-4.947604955826351292e-02,-7.288185223288587422e-02,-1.235017120738119145e-01,3.353243864579664307e-02,-6.241705073780305819e-03,-1.402651035427708581e-01,9.596048604784354619e-02,9.030192473294229583e-02,3.795879589344242403e-04,-2.379224346162840120e-01,5.587660632528335114e-02,-2.065181564182915208e-01,-2.935318639346661818e-01
-6.411887670265291606e-01,7.689256223738474838e-02,-7.364177242124816392e-01,2.039275440141361251e-01,2.578722767516721803e-01,3.071273870477398971e-01,-4.378962935009484969e-01,-8.124123807002907593e-01,-3.775562803584669447e-01,-4.663923922977339376e-01,2.257700657060295324e-01,1.263882638939447800e-01,-5.584459863090875942e-01,-8.016887661834941614e-01,-6.706952581665961421e-01,-3.962715274523359033e-01,-5.816960758242829543e-01,8.127642905103420190e-02,-5.432767661177217988e-01,-4.402967783439081656e-02,-3.829321594903725146e-01,-6.419322336268922236e-01,-5.794244925175687788e-01,-2.852171817250915078e-02,-7.645023331897243812e-01,-6.827300198058273983e-02,1.679160612300284183e-01,-7.340907772533781239e-01,-8.133790357590461317e-01,-9.394869049899225999e-01,3.081052579326686858e-01,-2.895462693940725196e-01,-6.407774926277503003e-01,4.535394567236694652e-01
4.048239877316383573e-01,-6.138723256965515629e-02,5.093614867656484080e-01,-2.007288042451909615e-01,-1.546922365049814840e-01,-3.115804086165726572e-01,2.443844061961910064e-01,4.359196939930903292e-01,1.805291168690788817e-01,1.384916593282986552e-01,-3.049000698199817033e-02,-1.162183191730063181e-01,3.321778476470843011e-01,5.067490717907371378e-01,2.975643593123608044e-01,1.337899706394392318e-01,3.011727966040362303e-01,-9.379344960151110577e-02,2.594282748652390613e-01,7.260499056176330634e-04,1.957446641018336098e-01,3.713875392011834475e-01,3.755805823960113865e-01,-1.444158296423591614e-01,5.301645285076140857e-01,3.986916100922020118e-02,-4.133451523158222507e-01,4.698835883746239617e-01,5.515834533758837699e-01,6.942429252058311961e-01,-1.257098431324619181e-01,3.065831675275041968e-01,5.411531585563360558e-01,-3.769220471617213963e-01
2.580963079698557205e-01,-2.041205256819071667e-01,2.143258417936391158e-01,-1.579735218617806247e-01,-1.558439265300758658e-01,-9.725713064386966311e-02,2.821808795184945762e-01,2.121255122311727359e-01,5.997636637164203977e-02,1.458286008272917100e-01,1.025520565728185252e-03,7.384608351762521339e-02,4.254331637397473775e-01,2.699931031321331498e-01,9.595516548229746090e-02,7.319062035265049004e-02,-7.498347277189038040e-02,-1.162755847246861041e-01,8.371478937055640279e-02,-1.407892143729382387e-02,1.133670152594706271e-01,2.784797611803812023e-01,4.781903486184980318e-02,2.840620830006436795e-02,1.656406929633751357e-01,-5.137557490847544095e-03,-5.548984628208009084e-02,2.423866590195513371e-01,1.832125921651754918e-01,3.449950950851666809e-01,-1.279216936631891455e-01,-1.010452496989093091e-01,5.451271290559583232e-02,-1.168648912029347786e-01
2.823244676142940834e-01,-1.292569046569366498e-01,4.439589857146792329e-01,1.250484570629041003e-01,-2.230261287668302006e-01,-1.774071991040758467e-01,3.361578245012646349e-01,2.765176898913939696e-01,1.885039751892452486e-01,4.120612152658495453e-01,9.788243673372787335e-02,-2.053416196435252083e-01,4.110991145445351269e-01,3.298338007775664660e-01,4.910109016950959804e-01,2.797692501861656633e-01,4.524516161176498907e-01,-1.678404584166954538e-01,3.878367174854766564e-01,-1.666403816286601142e-02,2.466044405900324477e-01,3.711892678833862980e-01,2.181594615600716824e-01,-9.433372775925881470e-02,3.111280960027038023e-01,3.372601164446346889e-02,-1.641071525778248774e-01,3.674361504680414003e-01,5.978771863368862460e-01,6.315731944433744527e-01,-2.970834274504233208e-01,1.559493867803454503e-01,2.384519209301256271e-01,-6.234540079066535068e-01
-9.562403604523580514e-01,2.664589982909042476e-01,-1.072951498638919698e+00,2.241310116686591192e-01,7.271079203020866522e-02,4.224064220663069080e-01,-8.327178996024490187e-01,-7.346926828328271819e-01,-6.397413197528312168e-01,-4.956722449730748825e-01,2.275493993387895930e-01,2.450218233845563587e-01,-8.607174480132334660e-01,-8.970202199104497787e-01,-1.029036839765267386e+00,-6.103069304784350946e-01,-6.409668984542570280e-01,3.416661008262326660e-01,-8.633399167471601521e-01,-2.101786516573722063e-01,-3.908843851604492103e-01,-8.516501796031807903e-01,-5.936333769254964476e-01,-7.401468254196426344e-02,-8.644269077664739065e-01,-1.766663071780530392e-01,2.038431546737819733e-01,-1.070916625360992303e+00,-9.640351233325263891e-01,-1.385236651475961089e+00,4.930612248453375979e-01,-3.562156979670427770e-01,-6.686898139893338033e-01,4.216627444056840757e-01
2.562282741502730499e-01,-3.216973985629171806e-01,2.542525977428749528e-01,-1.705691860713839103e-01,-1.304839234507821355e-01,-3.010237923247710001e-01,5.798181550076012547e-01,3.821241689034107769e-01,2.735790533421398329e-01,3.573684690101514710e-02,7.964992897124717475e-02,-1.118201829142742992e-01,4.197285283657005428e-02,4.307478750947454915e-01,5.172290959540251087e-01,3.112468409439395067e-01,3.554412448608840758e-01,-1.950171517386570519e-01,3.054601442062057637e-01,7.750991505888907285e-02,2.560666277992868500e-01,3.626315637575199258e-01,3.753763353293766425e-01,-1.782443322261123841e-01,2.499199731859902684e-01,1.015021603096852854e-01,-2.718364682517456776e-01,4.354628016511721267e-01,5.263233149056435467e-01,4.446104252204071128e-01,-5.664683215665820004e-01,1.065416024700847342e-01,2.105810796920340455e-01,-5.709498331053282083e-01
3.453661596245343746e-01,-3.709416508122481693e-02,3.482912191564496163e-01,-5.307397018228487279e-02,-5.098520414383718447e-02,-1.680582882207967144e-01,3.163958698071359099e-01,5.893117038748293957e-02,8.080744488488371402e-02,2.531538585733104085e-01,1.350363798037928775e-01,-1.263503256065679758e-01,1.027129562295144710e-01,3.048886709223680991e-01,3.125397165076017614e-01,1.320311699374162873e-01,2.150478784177882463e-01,-8.342058351309776911e-04,2.813258872146004452e-01,-5.430849793547209980e-02,1.089395023665914036e-01,2.571206060171825625e-01,1.521106874021580513e-01,1.531422691766018140e-01,2.907131068564720588e-01,1.153467575535977729e-01,1.357872859810907570e-03,3.535177365147740280e-01,3.023474776778470319e-01,3.106501923641639684e-01,-2.207890969362199529e-01,-3.354530990942029833e-02,1.984114794249943470e-01,-3.585364973990330939e-01
3.194510767090460446e-01,-4.590532265801450240e-02,2.904889523052837652e-01,-1.730258162214387274e-01,-1.546631611114656080e-01,-3.082303945678028789e-01,6.355817335022361236e-01,4.067785479585667718e-01,1.182249950833581670e-01,3.036650597543741337e-01,-8.580433536347666090e-02,-2.858588355130820546e-01,3.461365043826886700e-01,4.387812722787208242e-01,4.094888811499933223e-01,3.396134407823520052e-01,3.067395084892653445e-01,-2.860987064058190255e-01,4.414139190262492685e-01,-4.278991309054383865e-03,1.190307590586716646e-01,4.865957517424738255e-01,3.621857940810923049e-01,-6.066993555779211234e-02,3.854179198889283176e-01,-2.374246827668138535e-02,2.647253595924610459e-02,4.462146947958334220e-01,6.387442834364591704e-01,6.047352522834954502e-01,-2.354784223032576618e-01,1.826600884315759399e-01,4.495300911102027563e-01,-3.563280513971784358e-01
-1.069809264653391212e+00,2.875243111935062434e-01,-1.528882888358331860e+00,2.406207137908664417e-01,3.343707851503315287e-01,3.829022625560081772e-01,-1.110487478958567031e+00,-1.064630849027493165e+00,-6.809070344660856922e-01,-7.173487585149167511e-01,-2.749109057218013762e-03,2.878047394862317532e-01,-9.885271044943015895e-01,-1.395669930264566538e+00,-1.135463863909613069e+00,-8.524324268332447163e-01,-9.540817495485960364e-01,3.712801159439567122e-01,-8.546894553159724017e-01,-7.776644216924098740e-02,-5.439618164263904099e-01,-9.028108572361049911e-01,-9.004311584098151355e-01,-4.633586164454322337e-02,-1.023678676670817245e+00,-2.255427022278292115e-01,2.814274592085496685e-01,-1.294115387183738086e+00,-1.197394223984817208e+00,-1.426745629570780771e+00,3.429827698560289906e-01,-2.967368439889446208e-01,-9.500188758361313157e-01,8.095938430909603856e-01
2.277976133057315333e-01,5.783037645276321295e-04,7.642416615973018912e-01,-2.672055475837534222e-01,-2.810796975918568030e-01,-2.312172415652091750e-01,4.749419055053580863e-01,2.520937658598372821e-01,3.287135490188418385e-02,2.301311209612401099e-01,-3.595309365318336697e-02,-1.314337971075931477e-01,3.141728170665484265e-01,4.443990612969620502e-01,4.728579079781259908e-01,2.729216843076380239e-01,1.908542354529240703e-01,-1.960523565048595263e-01,2.791243700718902265e-01,2.090109280575549663e-02,1.717581479510658649e-01,2.337133816164295719e-01,3.257595215915207176e-01,-2.446244164866821780e-01,2.437862270912523610e-01,6.536464548625188498e-02,-4.522005178291053085e-01,5.064957768618927325e-01,4.785373885279861628e-01,5.229004431124731900e-01,-2.753402692772017324e-01,1.713614710994504353e-01,3.089109930416341632e-01,-4.199376799601339805e-01
-1.339010773005170352e-01,-4.720899373288060114e-02,-3.598157227843499228e-01,4.990626111309481860e-02,4.819389021133043544e-02,1.245768447322152667e-01,-3.337169874148689375e-01,-1.474907189051218037e-01,-3.482770573888165355e-01,-1.917064358106297661e-01,3.885518286112227271e-02,-3.062755066590920616e-02,-1.591480068824291383e-01,-1.444237536597288707e-01,-2.278522946206413824e-01,-2.022685204122405267e-01,-2.588507365552659145e-01,1.643996872592477232e-01,-1.307199541779765217e-01,-9.009080510129105490e-02,-3.111098734728650617e-01,-3.391524167246584009e-01,1.989861395492192181e-02,-9.375688400559498842e-03,-1.411406857829785311e-01,1.579782618485280066e-01,1.538416673079164854e-01,-4.641889482882332052e-01,-6.184393748986277001e-02,-2.687950633647513410e-01,1.920606586175957822e-02,-6.210240785631174903e-02,-1.404373188366623282e-01,-6.130004533206830780e-02
1.772821834263914598e-01,-2.093909354314743843e-01,4.446810325947413434e-01,1.322266668559176489e-02,-1.045137756231315773e-01,-7.494384306699460041e-02,1.914411298014178642e-01,3.416611835353072779e-01,2.247793465496052967e-01,1.720449207855085649e-01,-1.046317075719847486e-02,-7.139292633965181600e-02,1.495176380008975958e-01,4.055492948416574706e-01,4.140463418027218734e-01,3.061251180357744683e-01,2.499999416827674570e-01,-2.301321165291680404e-01,2.679633003313823258e-01,-9.168980586858260784e-02,1.862807284126453411e-01,3.149764092540114913e-01,5.554115312426136097e-02,-8.049133331752801601e-02,1.702331301575035760e-01,1.475370418400303793e-02,-2.009399663953456427e-01,3.783365576022702514e-01,3.769142595463641499e-01,3.899040908790510906e-01,-2.534975255814644335e-01,1.877355973216213725e-01,-2.895690433875397485e-02,-2.873877298683564230e-01
2.243502879374314196e-01,-1.304370425203498218e-01,3.460623655902814733e-01,-4.915879675921375896e-03,-1.431544786585013662e-01,-1.993172612734714078e-01,4.683559686945006906e-01,2.132583361669247446e-01,1.764652668324829532e-01,1.135845404116017227e-01,-1.843959182733460878e-02,-1.137870693843923697e-01,1.908976632863763900e-01,4.364226979084593339e-01,1.761207607845389489e-01,1.508905982791832745e-01,1.201880100475038599e-01,-4.899433185495995213e-02,2.963185451998191500e-01,4.055392746568992762e-02,2.395709126122486099e-01,2.280095336304648890e-01,2.316098911059593368e-01,-1.342277985809189056e-01,1.335510676700817634e-01,-4.202983303576598995e-02,-8.526659918965140417e-02,3.320881014957794974e-01,3.312936913973224540e-01,4.944406043129039863e-01,-1.333096484849208840e-01,5.575752158606205738e-02,2.738306927049603545e-01,-3.860072637730750378e-01
-3.233272541126741562e-01,3.610195806530332174e-02,-6.045987082696362425e-01,1.425738137375576753e-01,4.071119568656135501e-02,5.987515413358289462e-02,-4.015301269877904478e-01,-2.755849542091504123e-01,-4.168821492314169624e-02,-1.578075959683825358e-01,4.998561659350037045e-02,8.466424344607845209e-02,-1.870831784244283702e-01,-3.503874932765846384e-01,-2.111218737919307586e-01,-1.965820899515934028e-01,-2.030911437899171057e-01,9.146332059946044035e-02,-3.244659477555270621e-01,5.570590099810201340e-02,-2.223318005332265979e-01,-1.562179552231186264e-01,-4.100452737787081969e-01,-5.516056827214279451e-02,-3.124299047308611299e-01,8.568079215212198729e-02,2.124020523853453468e-01,-2.727080297205998760e-01,-3.819671457316946572e-01,-4.646486030630467279e-01,1.939146277287086273e-01,-8.918460807018435688e-02,-2.898794206964561693e-01,2.318791136143213694e-01
7.762776086003936316e-02,1.225136290733776744e-02,2.043545349658872079e-01,-1.761849978034599751e-01,-2.615960049891197792e-01,-1.180429619898222954e-01,1.988613684318589758e-01,3.693389515878524598e-01,1.168699575927044203e-02,-1.538301220567999672e-01,5.869924717335026770e-02,-1.719021492578739208e-01,2.824182065240546935e-01,2.912895127191229006e-01,1.490107011453204733e-01,3.825644067262951031e-02,7.349469718444357792e-03,-2.282209508840440382e-01,1.027494894421428911e-01,1.793653868654452588e-01,1.835415638642751979e-01,2.313860528538329298e-01,1.971996415085228854e-02,3.679895493426951075e-02,-2.346749751133878764e-02,-6.974654907664903924e-02,-7.543029079755333988e-02,1.963943107518909270e-01,7.020835249138943079e-02,-5.969020204269050167e-02,-1.516219756918616435e-01,-2.805768071173698683e-02,2.631549981435394869e-01,-3.076292030511850739e-01
-4.004346494053553918e-01,3.291350483069942212e-02,-6.251412916129353015e-01,6.415980031608338463e-02,-1.212854257467966684e-01,2.576138394609392979e-01,-4.938495216981274027e-01,-6.379546564683242771e-01,-3.310444286440171191e-01,-3.082280556256545290e-01,-7.038836680415733182e-02,1.988701720440338161e-01,-4.545529231058135222e-01,-5.249291551410312229e-01,-4.399079111681783449e-01,-3.866151427803080631e-01,-5.824191598997807695e-01,1.890795396639419756e-01,-6.643639581367004610e-01,-1.528855073499120198e-01,-1.857215172958514571e-01,-3.431189532763889161e-01,-3.734544051068703352e-01,-2.001615650055838316e-02,-6.390190292571975572e-01,-1.748963483124122975e-01,1.593882860471711183e-01,-7.449134415456586389e-01,-6.622907296966789037e-01,-7.104933008411807860e-01,8.263510372851322339e-02,-2.034614450851224277e-01,-5.529311505304421726e-01,4.353926471647963647e-01
6.764584738140420883e-02,-1.357957378819967253e-01,1.540140589445085362e-02,-1.144311113577097389e-01,-1.958106733397127486e-01,4.879173482746695933e-02,-9.200264894671737748e-02,-3.080792183436640783e-02,4.602914594831705036e-02,-1.167236202960109659e-01,-1.437856277178494249e-02,-1.608618985200928886e-01,2.125452358432313726e-01,-8.746083591350438391e-02,-1.238516532581915852e-01,-9.977886075099912447e-03,8.371863919266338272e-02,3.552101323733400373e-02,-2.104403529774665979e-02,-6.242734895800925408e-03,8.875779814161523229e-02,1.778837767272024861e-02,-3.673330807061295656e-03,-2.507872654835932025e-01,1.255749593754704740e-01,1.566510108238915525e-02,-1.632476529858234715e-01,9.669422909733879634e-02,2.160144577552343403e-02,1.476032796315498441e-01,1.402530671403525442e-01,1.066049031883846837e-01,1.636123288087796279e-01,-1.656471264753003880e-01
3.421813425616061499e-01,-5.561236484240474759e-02,4.323751951747606403e-01,-2.235684795382371914e-01,1.458510069378315122e-01,-1.553764042537898737e-01,2.717371847259881790e-01,2.196196915307380149e-01,1.009921890767744163e-01,2.521943853356400367e-01,-2.131314660969866465e-02,-3.243768914996302266e-01,2.448985193129485025e-02,3.500714155809593331e-01,3.600799389668098427e-01,-5.796130942840896361e-02,1.739261124277937665e-01,-2.418414869975536730e-01,2.402456552460342232e-01,1.293836647155132379e-02,9.255608007746207733e-02,2.590153171670317445e-01,3.603776696330895923e-02,-1.736350964129662611e-01,2.873794563728882534e-01,-6.942727043656986285e-02,-9.516561108609201958e-02,3.704110987270205491e-01,2.356568943296613317e-01,4.223167205557251114e-01,-2.370263697201788478e-01,1.541556890093761234e-01,7.955992596845105902e-02,-3.827909961731711386e-01
6.321267985196718509e-02,-4.761864801956826321e-02,-5.245696329294317201e-02,1.219324300239170017e-01,2.972970803450794564e-02,-1.132300475459443040e-01,-2.868241629060760411e-01,-3.114198242501388103e-01,-1.281463946197112513e-01,9.996408830174451782e-04,-1.218925510635935489e-01,-9.988918224783094324e-02,-1.602706472704901741e-01,-1.279381797988412839e-01,-1.522590624935760417e-01,-8.524975745947085959e-02,1.241012852043305165e-01,-1.738677232082485452e-02,-6.059909777930380659e-02,-1.008740681151944901e-01,-9.683599365533519451e-03,7.537673870138959960e-03,4.982042913595938205e-02,-1.276301344979098584e-01,-1.068706965455398367e-01,-1.180406263145818008e-01,-1.358696011665687653e-01,-1.403004997266613374e-01,1.078750696405677417e-01,-1.500938269980697792e-01,-5.294913344943028011e-02,-1.635684940652926134e-01,8.408425640151668407e-03,-3.392098064363785470e-01
2.317307567114004485e-01,-1.042744124520003819e-02,3.225708889344423569e-01,-1.560301589875231210e-01,-3.467756271445747440e-02,-2.174092285499883981e-01,3.141036250060987856e-01,2.392528563370413530e-01,9.867473566381761152e-02,1.921419947964386477e-01,-1.421114257466092254e-02,-1.195400508499541853e-01,1.677469208025857972e-01,5.026873184974640640e-01,2.297970220932993579e-01,2.146253602186629084e-01,1.474130270983760038e-01,-1.440437497814554824e-01,3.289538092243237122e-01,-5.302893085708011017e-02,1.854707594339666532e-01,1.901590180150115883e-01,1.654029073211094047e-01,1.100060109669679237e-01,3.884463409865823724e-01,6.647691550208001399e-02,-1.065854555431900441e-01,3.365774135499363107e-01,4.492939583839545836e-01,2.815178696099485123e-01,-4.142624961353341684e-02,1.080644376248163369e-01,1.510205199828005829e-01,-2.976829919330167828e-01
4.601152788419961559e-01,2.619693229437208577e-03,5.220160668734301623e-01,-1.659973285161368550e-01,-5.241753152593492393e-02,-2.167826881893945845e-01,4.025848496222656503e-01,3.049650709697260265e-01,3.213782934408038749e-01,7.473724037379976537e-02,-2.514605285545451138e-02,-2.510340835783421154e-01,3.766525428369345563e-01,4.243175780018604848e-01,3.731577525679596885e-01,1.629491259547522219e-01,2.579073446767964073e-02,-9.225592367586894771e-02,4.169951389550179410e-01,1.744521666130071647e-01,1.263088741144327842e-01,1.802616050864694064e-01,3.000337063122356929e-01,1.480052123889386007e-01,3.654714219637715811e-01,-5.758592902505457745e-02,-8.152572104473741754e-02,4.397585803931970960e-01,2.813773588009794713e-01,4.071130750284027711e-01,-2.211825403596160422e-01,-1.026316765541553794e-01,3.101155131758425720e-01,-2.963656844137660951e-01
-4.547511219636708457e-01,3.074053094644649611e-02,-6.552668395969812876e-01,3.588382512266751756e-01,1.340300772530392259e-01,1.740233220148704463e-01,-4.577015669078635662e-01,-4.938755590221771685e-01,-1.817931992438727717e-01,-3.749166320915371942e-01,3.127228325616358828e-02,3.111405649867655665e-01,-5.420332019112940047e-01,-7.085200478743596264e-01,-6.750222227432297606e-01,-2.674562017871195407e-01,-3.328478471526131188e-01,9.101950898708778548e-02,-3.739071708457308851e-01,-1.867220918864717768e-03,-2.292608503376715179e-01,-1.996021150653481124e-01,-2.721801446346005515e-01,-1.337075525524962331e-02,-3.201151964538115346e-01,5.595826511187940860e-02,3.625559509147203152e-01,-6.834164427776522333e-01,-6.887403575497789143e-01,-7.415181600553384378e-01,3.451037566498422193e-01,-4.632763883108391434e-02,-3.332820262161669822e-01,3.778575394540245602e-01
3.395729623265466013e-01,-7.985752747028355969e-02,5.327440060010828482e-01,-2.893295817387104840e-01,-2.805927331222401455e-01,-1.084247402416984862e-01,3.300169995313987914e-01,4.239718034748211073e-01,2.827140174490135327e-01,2.614903868134574871e-01,-1.657115341400215158e-01,-1.378266236087247465e-01,3.986832571473341580e-01,5.225987615281387777e-01,6.512896159232721693e-01,1.752886633531882954e-01,2.949479255656640153e-01,-1.443997409586850189e-01,3.207399421787036631e-01,-7.965570359861362873e-03,1.816534651647395970e-01,3.757008759038024115e-01,2.775967617951927147e-01,-1.163517628729371367e-01,3.965663654762078272e-01,1.787332463145273609e-01,-1.072827633953166854e-02,5.616112337049252723e-01,3.960430307041949427e-01,4.137488873461009353e-01,-1.229880694433701932e-01,-1.715023745344226858e-01,6.025024946965138462e-01,-3.901357357251326041e-01
1.355790412920737098e-01,-7.734195612823070720e-02,3.494985546555620104e-01,-2.591873092122617961e-01,-6.845645261468862042e-02,-2.054566966955399532e-01,2.232299464032063974e-01,2.757174461319181757e-01,1.408515674411504603e-01,-5.701140333240045655e-02,8.619893540917734909e-02,-3.594134312355229399e-01,-4.115527827347866680e-02,2.750126090624815389e-01,3.093012078034985679e-01,5.827551221963158529e-02,1.303876948712957284e-01,-1.126312074854531886e-01,2.383849870275734362e-01,8.331883653888487451e-02,1.208679418407665185e-01,1.684398526132533658e-01,2.299692390314541091e-01,-2.485035193564681111e-01,3.711502147495184811e-01,-1.101125659890730968e-01,-2.487472654620288270e-01,4.879775555444271218e-01,2.056550195600725106e-01,2.631433920954496242e-01,-1.234010659238337082e-01,7.047231424706529301e-02,2.036917153108251666e-01,-2.674280834285435726e-01
-1.006426936516128912e+00,1.497799015016423041e-01,-1.509877533429109908e+00,2.680674320742049699e-01,2.133812131140476465e-01,3.811055283299906171e-01,-1.199775768576224699e+00,-1.211485376720590645e+00,-7.526769575823888392e-01,-7.918629966480371651e-01,1.394940152630332331e-01,3.128587103667118674e-01,-8.214251850752184447e-01,-1.276143212079861256e+00,-1.307431721273953906e+00,-8.591551678292796979e-01,-8.336439616542912212e-01,3.304533699318963347e-01,-9.550052470400001159e-01,-1.368127794211074222e-01,-5.978629676653274272e-01,-9.251247421722279540e-01,-8.933792393047077507e-01,2.062822648417473870e-01,-1.084926051155245874e+00,-1.615788999063508258e-01,3.286167580774495556e-01,-1.507081343941546692e+00,-1.561747204260966360e+00,-1.566015903338654924e+00,3.274397039616597782e-01,-1.790747848141688858e-01,-9.334464221679290574e-01,5.930905018166264808e-01
5.276873511032120767e-01,-3.354274969885288372e-03,5.777078949799144825e-01,-1.414743848432005735e-01,-3.184422071743556737e-01,-2.572085270477558194e-01,5.886490725225865805e-01,3.869192260491354229e-01,2.567015063485178494e-01,3.087875343997059652e-01,-1.176087943189666439e-02,-1.509677313146549904e-01,4.575757666849889493e-01,4.529631767819059518e-01,4.604681929576753263e-01,2.600764927175635011e-01,1.656765550218990690e-01,-2.029853742121490168e-01,4.988668160683247810e-01,-1.854432168038621931e-01,3.024273011084373519e-01,6.128814018352335413e-01,1.643040653265417650e-01,1.934858321399072698e-02,4.495234323843297908e-01,8.710647604965671142e-02,-1.518886665790696901e-02,6.349145736289979469e-01,4.411970019391959763e-01,5.799733702957214909e-01,-4.267964293750086680e-01,1.088755112047532780e-01,4.232571624587773140e-01,-4.615122300206853101e-01
3.514724775074393737e-01,-2.171653512267491815e-01,1.296887044029527702e-01,-4.882025245659638024e-02,-2.131162556197762625e-01,-2.803201807862534256e-01,4.022012969080837608e-01,1.527415282368038141e-01,-9.009580830461778878e-03,1.938202407228394319e-01,5.146634376788748050e-02,-6.075848864300380930e-02,7.596680210749856554e-03,3.761585000909700160e-01,3.709572785257190808e-01,1.828251487544262643e-01,1.167184090563782722e-01,3.706959358070813573e-03,1.461857578104961419e-01,-6.399717071798269319e-02,6.403070491690689148e-02,1.883629370181648666e-01,2.775683198079328950e-01,-4.567108322329489073e-02,1.344870222753701272e-01,4.053751188296023100e-02,-2.309648434466301248e-01,1.312460418736507428e-01,2.608504806409763788e-01,5.013554184752720966e-01,-3.322991855890971569e-01,-1.156377241529910893e-01,1.640309152528147685e-01,-2.889737832105512827e-01
3.932182372202626119e-01,-4.117088048480950502e-02,2.259355998970490886e-01,-3.796760102172999640e-02,-1.953004883457502561e-01,-1.091003412301677772e-01,3.752715817372049290e-01,1.653943934699755869e-01,2.945741636523467877e-01,6.625870049486774771e-02,-1.087304018342983691e-03,-2.378877596999074417e-01,1.123928469683995179e-01,3.983408338130375315e-01,1.383886654111444736e-01,1.722746480377802814e-01,1.693486529364715276e-01,-3.042119929605371920e-02,3.302519604664657105e-01,8.086832154232252712e-02,8.911248846847610872e-02,1.970823553472285938e-01,3.131013570420071446e-01,1.671589250562544593e-01,4.311391753763564871e-01,-8.964620573463123743e-02,-1.880081516678072384e-01,3.300018479966401186e-01,9.811025087704626502e-02,4.408572211092873783e-01,-2.367539378187371035e-01,7.709359673895578580e-02,4.077094188353369009e-01,-1.889802515556042173e-01
-1.279111077996609447e-01,-1.849602653287045831e-02,2.855623747245357724e-01,-2.359648745343990162e-01,-1.149141716711594707e-01,-1.294979393912221340e-02,1.334212687710730760e-01,8.045014102093007990e-02,1.329552964061187226e-01,-7.415351227953963231e-02,3.307536789950608902e-02,-9.894282972234666462e-02,7.840266229946315710e-03,2.006469249685404257e-02,7.661548959491573663e-02,1.140138958050175566e-01,-8.144222977725550094e-02,1.022308171630252199e-01,9.057943375285248955e-02,9.955278480842313926e-02,1.061105009885210948e-01,1.952294262647599199e-01,3.117177304410751471e-01,1.346591551930962152e-02,-1.130714056929263550e-01,6.127596550956356664e-02,-1.757477867653229470e-02,1.467778784645869528e-01,-9.661170935913243607e-02,1.943658329844825949e-02,6.542455324847491760e-02,-8.721735856765022721e-02,2.508044273210422934e-02,-1.280466502610314583e-01
-5.273764679861523419e-01,9.358786166064088363e-02,-7.414221215705221191e-01,1.253588393576613724e-01,5.624453568369679884e-02,2.203749028599311377e-01,-5.283733175620495270e-01,-5.626890749992865537e-01,-3.094764261127613270e-01,-3.900839698302706604e-01,5.873976136375153728e-02,2.235300795306499333e-01,-5.422713899133160265e-01,-7.658317183560067187e-01,-6.552510431224821685e-01,-4.186018775259959246e-01,-5.541183352834371245e-01,3.234129757782092801e-02,-5.963043251525580457e-01,-1.374097593401833739e-01,-3.995074538984468293e-01,-2.443127751131974890e-01,-5.907182383871313336e-01,-4.523145910103519574e-02,-4.461818988926736229e-01,-1.384445845608592296e-01,-4.733518789032365587e-02,-7.304291911737902376e-01,-5.910901539595622145e-01,-7.273982439109702991e-01,4.349949563433149202e-01,-1.074588739125358246e-02,-6.390944644779004147e-01,4.360582515919423363e-01
2.873024244668219151e-01,1.221363498563582672e-01,5.669889319175301923e-01,-1.556280117714060329e-01,-1.861498501176509501e-01,-2.836318101379579071e-01,3.538937754248083767e-01,4.036363684348302505e-01,8.829486791586810268e-02,2.237390176841094480e-01,1.493068966964924971e-01,-2.109088306065413365e-01,1.298912997226196187e-01,2.965443035612830847e-01,3.293499709058225755e-01,8.657636240770322233e-02,2.842765598914789860e-01,-1.571937383064536953e-01,1.625165826697507199e-01,5.558017580498433169e-02,5.775280196839819441e-02,2.779039045842394140e-01,2.735079035442354867e-01,-3.395653333888605779e-03,3.202363075027446770e-01,6.781748815045290923e-02,-3.584134293117142711e-01,5.605164952651152666e-01,2.242529036576046408e-01,1.751245079014278894e-01,-2.106140280637879836e-01,1.359478031027316070e-01,2.003566549001333241e-01,-2.721835530606011577e-01
-3.197117010102580315e-01,4.074933318280849620e-02,-3.919046628979270808e-01,1.018164060389026571e-01,-3.443830962846133187e-02,-2.674043503609441208e-02,-1.981933674700711578e-01,-3.507792344142947605e-01,-2.506344039274877034e-01,-1.700378244525289628e-01,-1.615440683258383137e-01,5.335950060956946850e-02,2.204718230291058123e-01,-1.756944136531065626e-01,-1.777107245758734189e-01,-1.315127589617834380e-01,-1.517586133051168108e-02,-2.331534632114985045e-02,-2.851445104832813979e-02,-2.061660781634698687e-03,1.657483250770734884e-01,-1.963209301937267337e-01,-2.459000546172711854e-01,9.142962222918526657e-03,-3.342181346062439440e-01,-3.510138503707412472e-03,1.053901677083042832e-01,-2.348810173117112932e-01,-1.821362511353966651e-01,-2.696300367566430434e-01,2.483680178488065216e-02,1.611670993029591936e-01,-1.611825498219012498e-01,1.093424195361357154e-01
-5.020384043129758611e-01,7.607825492153430513e-02,-6.549187977747108480e-01,1.617344860278204649e-02,4.467260402834126974e-03,2.133125117530273174e-01,-3.751509115244257009e-01,-2.926870379687819823e-01,-2.298541692642419587e-01,-3.075536171643500905e-01,1.919027113405541267e-03,-5.224008502291101891e-02,-2.900168325120531243e-01,-4.076793999306813632e-01,-5.556436615234753296e-01,-4.427676750657116300e-01,-2.757832787683675013e-01,1.123716768999784288e-01,-3.247629424383612906e-01,-2.117609160913796751e-01,-2.951423506729117796e-01,-2.604097722778270230e-01,-4.378810269289201140e-01,3.404273584458354651e-02,-3.917466791208163990e-01,-2.624006613691639428e-02,3.563513735383819214e-02,-5.149248470180054493e-01,-4.557406416360236801e-01,-5.226981903832942367e-01,2.344484628233567680e-01,-3.880761027212388525e-02,-1.511340388130302803e-01,2.603411181076276115e-01
3.943544791494550672e-02,-1.346423299139738183e-01,4.648071282315915376e-01,-3.286599967458085914e-01,-1.633337104677064222e-01,-2.954162770622323006e-02,3.704846608925651541e-01,2.878868684242002485e-01,2.784027924098325113e-01,8.604229642963399927e-02,2.326475459243356469e-01,-1.210366483160275758e-01,3.441231221589619582e-01,1.907284308864533318e-01,2.970804554748439075e-01,9.540285186181805821e-02,1.461628499673626735e-01,-2.263836263819150596e-01,8.825386144163296920e-02,-6.652822436116408167e-02,1.738438918439093039e-01,1.380635135142395664e-01,2.055164915743616372e-01,-3.765614978920779534e-03,2.154172734052070826e-01,-1.320703625606442499e-01,-2.072171869406565781e-01,1.699514201823284776e-01,2.948180079957984367e-01,3.434313439160988080e-01,-2.370542446302209838e-01,1.006805214014288713e-01,3.370758064123746678e-01,-2.088595753954515244e-01
8.365135937360489160e-02,8.612985167820727539e-02,1.873355743976258536e-01,2.202888097813347421e-02,-2.272238663093815170e-01,-1.392288897380564716e-01,-1.083793098685049555e-01,2.377513023991342511e-01,2.973065034747102153e-01,6.348284538882004169e-02,-1.789771669325521813e-02,-4.486916791811147720e-02,1.275819097633303922e-01,2.789810695375087857e-01,9.399559672128608712e-02,1.611863407449606322e-01,2.861936128160573189e-01,-1.945889541499394582e-01,9.968747309528926820e-03,-2.149852365231640916e-01,1.387027975290258675e-01,1.353731295534398027e-01,5.664973964831895165e-02,-8.936564140917478694e-02,1.615213605445575684e-01,6.342479364347808346e-02,-3.984831079908153495e-02,3.569942234021454275e-01,9.471444190902562899e-02,3.274834762398031174e-01,-1.027846684597102378e-01,9.036745576462841545e-03,2.117909033813880904e-01,-3.615173950255333168e-01
-5.792533801079128436e-02,4.167098392454375577e-02,2.481669440800311419e-02,-1.317574925287658127e-01,-2.989191347744129396e-02,-2.292661535418131780e-01,-6.171094640278691756e-02,5.716894275326933617e-02,6.326664523991244737e-02,1.127073311048306520e-01,7.365448138240221487e-02,1.913135945939650751e-01,1.066557009362797404e-01,3.008063418534243430e-02,-4.357797818305155640e-02,-3.565880568601943051e-02,3.496121535250018564e-02,-1.354717292076028368e-01,1.874393141587005207e-01,-7.063951302345219951e-02,5.332141545646090081e-02,1.752368564183549304e-01,-9.016818631933300188e-02,-9.175951598173252843e-02,2.917673530481151856e-02,-8.264979386553231167e-02,-8.821717915299920332e-02,1.288427609594326173e-01,9.688702522612277490e-02,7.693470751486419790e-02,2.806308876762505372e-02,-6.511757116080393870e-02,1.160422883055904110e-02,1.571412258543880280e-01
-1.813442408354492830e-01,-9.099700530078473626e-02,-5.104551950321466469e-01,8.887862731548135109e-02,-1.039628694971309747e-01,1.182541236474359903e-03,-2.383648048146452814e-01,-9.985446338059358884e-02,-2.234326385646620283e-01,-2.750244756889343445e-01,1.682819363621093356e-01,1.322737605303018760e-01,-3.017636405417045697e-01,-3.106638050105929305e-01,-3.440451385869464085e-01,-3.107761552768079638e-01,-3.924743163009051794e-01,9.414518394537993440e-02,-2.148637433719946255e-01,-8.031939775448996774e-03,-3.263532970614772544e-01,-2.381267692324775809e-01,-1.430714940220687570e-01,-1.567450973993513297e-01,-4.722313460268425800e-01,-1.313727134957576037e-01,-1.676218828913222394e-04,-5.028100276583780115e-01,-4.840350179404873665e-01,-3.834186433984538844e-01,1.318671128056469188e-01,-3.232630448034422010e-01,-3.592673255301043200e-01,8.580904083427207119e-02
-2.993594366659923373e-02,6.421429018851898540e-02,1.226986494207459449e-01,-1.725954895515603438e-01,6.014527931349627349e-02,-1.978430141252001673e-01,3.092639617028228663e-02,1.882588439591927343e-01,1.400551276750165164e-01,-2.725929032101603866e-02,-2.729215921220792471e-02,-3.014131703643344734e-02,2.278155053329559143e-01,3.915808830954474740e-01,1.564072381768594200e-01,4.707414964590463796e-02,1.289687427222369620e-01,-2.606507775417528650e-01,2.580927695575850264e-02,6.655994332304017436e-02,2.004837774343963541e-01,5.984911249874671352e-02,-1.084977047930892891e-01,-7.308001902027917718e-02,-8.257202325093812578e-02,1.355579087140673100e-01,-1.534925259788485485e-01,7.374287776037780073e-02,4.960073589135467753e-02,7.428928433646297957e-02,-1.779847219921998902e-01,-7.117037827436607789e-02,9.683791228480695054e-03,-1.692574887458412058e-01
7.636874469705152990e-02,3.252611786765532281e-02,-5.659919784751914207e-02,1.151935473809262839e-01,-6.284556145084040438e-03,-1.871949722422628151e-02,-3.211708204302015507e-02,-2.708826836225001200e-01,5.250711235948338912e-02,5.555710005269309110e-02,-5.306160199167821861e-03,-5.097603710690835899e-02,-1.058622341867634098e-01,3.609980896075970849e-03,-1.895296435834472604e-01,-1.032747455722943797e-01,5.803509394862097978e-03,1.095365525551648817e-01,-1.550301082161261446e-01,-5.556467782953063844e-02,-1.240823835910024181e-01,-4.913324463670395298e-02,-1.362976126602682136e-01,3.105009391447833503e-03,-1.044368502679755700e-01,-6.875578109408987670e-02,1.680396079660501085e-02,-1.998343124853111663e-01,-1.274652143780390101e-01,-2.529750443192472775e-01,-1.118389925617688241e-01,-1.874655731113233359e-01,6.308833912281278100e-02,-5.257019343466570738e-02
-1.573182589203536430e-01,-1.091007981413848367e-02,-9.905612473084668412e-02,-1.547482301007819805e-01,4.851399495072223483e-02,-1.037546046349436535e-01,-2.704320828765714446e-01,-2.898543319913547966e-01,-2.121107558576686702e-01,-1.969357384469578032e-01,-8.521783979179554935e-02,-3.560466829703544667e-01,-1.171166112354402600e-01,-3.367876668020087783e-01,-2.665819247653958279e-01,-1.066259909273459781e-02,-7.790428970137787401e-02,-2.049401182846155578e-01,-1.863491208570444979e-01,6.313842525143753201e-03,-6.232494815579429220e-02,-7.601649089770538825e-02,-1.055076445652630354e-02,2.607392357264410113e-02,-5.987758828317419485e-02,-6.740543426875737765e-02,-3.727574681697302245e-02,-2.109142944344017945e-01,-1.452949092989735680e-01,-5.962864301650983023e-02,1.357245366538937549e-02,-1.878256682348237450e-01,-2.113616133421858667e-01,8.538196365993451498e-02
3.807658648042500094e-02,-1.524890376817992499e-01,1.581691852767836137e-01,2.433183382433517367e-02,-4.459542269851257679e-02,-1.188428375965256828e-01,2.657595792101806464e-02,6.854391894219823145e-02,2.832708892007179680e-02,-2.924310651473419412e-02,-1.479219622819703261e-01,1.200639884820336734e-01,3.952381920629808448e-02,1.089018003917819610e-01,1.704106193743680844e-02,4.973286079792001851e-02,-8.645575501920738093e-02,1.090797841822037789e-01,-9.311336547790664830e-02,-8.820331744304484023e-02,1.236551248141161963e-01,-6.851126814641582408e-02,-1.708306863985444707e-02,3.861978377613133756e-02,-5.613406386191580055e-02,-1.292126168577118102e-02,-2.572448503263308553e-02,1.021639057532688077e-01,1.516166035476534113e-01,6.596364738152343810e-02,-7.811595052012704210e-02,1.807355264134456133e-03,2.200823722243008262e-01,-5.126831538395797833e-02
5.486910088368489313e-02,4.115067007976844216e-02,1.912819327461700580e-01,-2.604120450217747851e-01,-2.546887291509198348e-01,-1.821576730295792201e-01,1.971865270356537858e-01,1.555228537593995354e-02,2.183721845746673107e-01,3.348651533707623362e-01,-5.137352391125644957e-02,-1.621366865666669377e-01,7.570451007369301266e-02,3.042636026053666121e-01,3.736076739172759509e-01,2.177632946820911852e-01,2.637146475876717688e-01,-3.035021699099573200e-01,1.445314234840907319e-01,4.040428943634339493e-02,4.009593228669129650e-02,8.925340313658518265e-02,6.801753272964791708e-02,-1.544086653674373588e-01,2.318946600147007431e-01,6.648106334389508598e-02,-3.099687652444289496e-02,7.011895056815281579e-02,1.275194242442875270e-01,2.228392948501508875e-01,-1.059792161032527408e-01,-5.051111098345484156e-03,7.702210298067790895e-02,-2.995167834273596563e-01
-8.772641304990563826e-02,1.792893716346327659e-02,-8.795451525286387962e-02,6.494506957156546967e-02,-2.962314220914616936e-01,-1.879008245014805178e-01,-3.749665165738501338e-02,1.760156499521447343e-02,7.726689370768198561e-02,5.506144388392494177e-02,7.254744215968753074e-02,-2.286734555610970554e-01,-9.607325204343855965e-03,3.432329663975149103e-02,4.617127095531408515e-02,1.334859069504695794e-01,-2.158898361916966602e-02,6.671205586468684223e-02,-4.791245954034153293e-02,-8.268865936240892001e-02,-1.498060088252523292e-01,-1.113804325908331894e-01,6.718549591249908803e-02,1.296107859398876738e-01,-2.234712955081145369e-01,2.854758248458244899e-02,-1.391652567214498315e-01,2.291206213656420132e-01,1.827699275659346589e-01,2.819311396139155199e-02,8.060239172310755540e-02,1.051131666919919161e-01,3.948113302937139579e-02,-1.523787515081254373e-01
1.297333054713103451e-01,-1.516780611940906076e-01,1.484896704914145937e-01,9.077522533878105981e-02,5.614591831370262937e-02,-1.544035144024826778e-01,2.230024546155277287e-01,1.108878479409546453e-01,-1.393673091637102901e-01,2.164356001471969271e-01,-2.355811685272816702e-01,-2.753456086871683972e-01,1.666229763677542219e-01,2.475399957425221675e-01,2.673980410437023503e-01,1.103073914275547601e-01,1.057652024733642948e-01,-2.482501729856606554e-01,-4.437920815200965124e-02,-3.889709356616949387e-02,-8.588107240996827041e-02,6.419954091919399808e-02,5.093739141410925930e-02,1.582977366411710829e-01,5.383680461856784434e-04,-6.125804451616160412e-02,-2.134119335374347615e-01,1.863744523238047290e-01,2.339440970779507745e-01,1.573006689447795092e-01,-1.846048904789988898e-01,3.557684179505466587e-02,2.354728620109494963e-01,-1.213494886756559948e-01
-4.154103687261261335e-01,1.450064551087172082e-01,-3.502114328911622998e-01,9.484496294765369651e-02,1.247727888119026379e-01,1.033653376556103731e-01,-7.843895128214005419e-02,-1.982239627041542385e-01,-2.164515391327337113e-01,-4.718529413110303383e-02,-1.202665931776469854e-01,1.190175811515093579e-01,-2.242299725279976452e-01,-4.088602621664305103e-01,-1.515529261506135816e-01,-8.149463090900209428e-02,-1.975729014433512121e-01,1.463476449896795317e-01,-1.496533009670477088e-01,-1.282734287381863403e-01,-3.365538774652074294e-01,-2.964579815794751716e-01,-1.446234671128252824e-01,-1.278358298308982788e-01,-2.855487461000221772e-01,1.859255845465229151e-01,-8.715344148000186975e-02,-3.419187316454123104e-01,-3.524562261461598456e-01,-3.749370999378809910e-01,-1.956871956248842637e-01,-1.008051101338302141e-01,-1.363254603350403660e-01,2.545647936669435119e-01
2.942935127965229936e-01,-1.154269231383240335e-01,2.915270234412845052e-01,-1.390560288278710477e-01,-8.969083918109074793e-02,7.361638241753637284e-03,1.287777269530737678e-01,2.699769715148021554e-01,-1.606840976134240595e-01,2.749461262577457266e-01,-1.788633553207209237e-01,-2.906686459241367704e-01,2.324990257431516494e-01,1.914068706180494517e-01,1.172249916313306550e-01,1.892206600829661467e-01,1.057305828942015358e-01,-9.380033131026617454e-02,2.896061211566322569e-01,5.936095480249227278e-03,-4.209221739872260541e-04,7.744236170449565748e-02,6.776321952379919800e-02,-1.374666446178250123e-01,2.947505349251760554e-01,3.052887898926103308e-02,-2.808672044716262750e-01,3.114939806530949706e-01,3.117786992812540126e-01,2.810371486322378876e-01,-1.375715398331099903e-01,9.773490202065732158e-02,1.159140071995648918e-01,-3.545083471165840772e-01
1.221479488036824324e-01,-1.005208739867297224e-01,-5.732315853237290176e-02,-6.272650377411585765e-02,3.660335146052184213e-02,-5.277692517139118827e-02,1.593265065968407501e-01,-2.061981084167793243e-01,3.244672424810368105e-01,-1.784270492760632598e-02,-1.447443148319833839e-02,2.958858225831696720e-02,2.099974647602363131e-01,-1.239533193351014806e-01,1.724304976308131121e-01,-2.026559430898847505e-02,2.176650149040170734e-01,1.169957271660033021e-01,2.410259224294487163e-02,7.082261991837718318e-02,-4.119657915189738756e-02,1.376319809891751039e-02,-3.706721318501246532e-02,1.119622952853369796e-01,1.990815241582324924e-02,1.612754621550633594e-01,4.559638626852613626e-03,9.448429188523996269e-02,2.435158205136474796e-01,1.936528614589876351e-01,1.991755805527943915e-02,1.352942530126910736e-01,1.826586017653732685e-01,-1.755098179420341298e-01
8.819371723416849496e-02,2.548109062948485104e-02,2.800011092171026394e-01,-1.760562847092440875e-01,-5.754650563428599652e-02,-1.553383789061104081e-01,1.359531235930905579e-01,2.655346507792678001e-01,4.561305532551524627e-02,2.185474807103162109e-01,4.977386340484062262e-03,-2.100294018294874554e-01,1.972243254531156342e-01,2.792679257350809130e-01,1.179406790399995797e-01,1.225673066224035046e-01,1.240521023472031803e-01,-1.487725559398272446e-01,-8.008157742843503846e-02,8.049663888672266288e-02,-3.573162202854642672e-02,1.217314759067497920e-01,1.208918727822093087e-01,9.762392044369522237e-02,1.791745807180649408e-01,1.074728253308218917e-01,-5.009794132459882005e-02,1.803976225450338311e-01,3.652475913049516021e-01,2.783790369896209649e-01,-2.806419870877102304e-02,2.611814617367781352e-02,4.039116425672435728e-02,-2.217797620924597257e-01
-1.884261717445490369e-01,-3.501858046662318924e-01,-7.881862747091229054e-03,-1.123492090200409327e-01,-2.967224345987783951e-01,-2.073142693987947427e-01,-3.744861147649863626e-03,-1.811462533641225447e-01,-5.319005367488541247e-02,-3.265871311181949704e-02,-1.032127456333626764e-01,-7.326947919278886667e-02,-6.919913334354689527e-03,-3.594231981704984480e-02,-9.575139705762361619e-02,4.724085311161083274e-03,-1.384653046527809794e-01,-9.050978898808860473e-02,-5.638035029381447544e-02,-7.377711308810765145e-02,-1.770644423577338866e-01,-1.200586880898568409e-01,-1.235964325690673687e-01,-2.848203756572852408e-01,-2.127545180660053159e-01,-4.951316206669838932e-02,-1.211780100229391671e-01,-1.267916983464790759e-01,-1.345479849314031584e-01,-1.814791286534629122e-01,2.964936534902490664e-02,-1.459324357801208283e-01,-1.458643046084697470e-01,-1.233260206585310714e-01
-1.655511232650977160e-01,9.768713616412362521e-02,-1.886375631601782399e-01,5.784931891678002369e-02,2.271215666073238271e-01,-8.658069772274545883e-02,-2.143358762220032576e-01,-1.947115651873932429e-01,1.253388496182459566e-01,-1.461256152003241604e-01,1.551083383207048638e-01,9.425017929276716111e-02,-1.383193761794883347e-01,-1.774283336117066789e-01,-1.743686663461176123e-01,-2.212364033269750008e-01,-1.262103860750346807e-01,-1.060121315124604516e-02,-9.354795412939301280e-02,-1.149398957176232632e-02,-1.352036837350793774e-01,3.424236684723712832e-03,-1.420042747727172094e-01,5.873015003842745052e-02,-3.355346127902558706e-02,1.282355256867524209e-03,2.478103109982308146e-03,-2.819945112117779873e-01,-2.079208757300589072e-01,-4.240728380731910441e-03,1.090362974608107965e-01,2.822261275618527174e-02,-3.079767614437413648e-01,3.992190229646815774e-02
-6.399930493324999803e-02,-2.051281151650110601e-01,-1.630448721882787055e-01,-8.302426727160627795e-02,-1.269472309440954627e-01,-1.193862562813624018e-01,4.771411375257922360e-02,2.281036692011592648e-01,2.839833412668669142e-03,-5.810271846690311104e-02,4.340016354562108332e-03,-2.569360085131379701e-01,-1.602699072465502139e-02,9.656618526806116584e-03,1.299378621184114346e-01,-1.820201561968596560e-01,-2.989540600742197213e-02,-2.862935717938515090e-01,-7.201661261345429499e-02,-1.557366884175355182e-01,5.547730022459721605e-02,4.184475721407514281e-02,-5.089619827628010656e-02,4.026396536282643435e-02,1.991552305331815639e-02,-3.282174664678512710e-01,-1.551930893519783972e-01,3.820482819259046758e-02,6.361010000625962058e-02,1.827190295457779001e-01,-7.621464975347531923e-02,-3.042327527411649302e-02,-1.058542297030621721e-01,-2.037564251821784300e-01
4.730300079286540310e-02,-1.331802743331553796e-01,-1.307667924560411074e-02,6.889118551214144792e-02,-5.206663291287419448e-02,-1.492585757623877130e-01,1.159769825792971712e-03,4.679363841053978124e-02,-7.554015669603882099e-02,-8.328827711035610704e-02,-1.162154633656814068e-01,-1.079890107170694211e-02,5.609184697128595520e-02,1.103645281813771251e-01,2.279992006453875064e-02,-1.111683677545794308e-01,3.480810257386200875e-04,-1.256259320072178332e-01,-2.367676349228341106e-03,-2.707708213260366301e-02,1.015510042898116749e-01,1.746876717224835340e-01,-1.052284174252225285e-01,4.069012202580261223e-02,3.033928686841804931e-02,-1.151264693134540634e-01,1.977420458635875400e-01,1.580539888887543820e-01,1.431168027134527565e-01,2.379701025294039263e-01,-2.091072770245623880e-01,-5.907294590361866077e-02,1.242607923768837552e-01,4.484358285148032711e-03
-2.206127344074869379e-01,3.637746245544144080e-02,-2.452894911884976048e-01,1.938758852753785442e-02,1.190959504215845927e-01,2.658503153577662301e-02,-8.765157726003923455e-02,-2.252871123794377428e-01,-2.035780765522456418e-02,-1.335543614384783473e-01,9.178952525230121839e-02,1.250789453432272214e-01,-1.081913872208724592e-01,-2.615356477129845425e-01,-3.409299461205767545e-01,5.186644807344047842e-02,-1.724664369687765875e-01,-5.217028667549844512e-02,-2.305194541445023393e-01,2.808181219975711823e-02,-7.208473921008583252e-02,-1.338335129379152333e-01,-6.559767043720529656e-02,1.057397596860316785e-01,-1.406026395003843465e-01,-9.774785262830022747e-03,1.956204549250684446e-02,-9.302719628484679149e-02,-1.485887513848401786e-01,-2.522402999950513203e-01,6.475035989823990645e-02,-7.802613057444204858e-02,1.143126981820796334e-01,1.256690477895503200e-01
1.486200435966012201e-01,-5.779520350228817271e-02,1.989150639018689160e-01,1.721426739806344863e-02,-1.563946634870800045e-01,-2.109078865683254866e-01,6.779190623727289478e-02,1.022495791451387831e-01,-8.404236138755008523e-02,2.119317887536996056e-02,-1.871476809260356478e-01,-1.097487381564097586e-01,2.022111857025802040e-01,1.171437803975973989e-02,6.003796124984865645e-02,-5.639237868285223998e-02,1.770021431478454033e-01,-3.147103783343944694e-01,5.823076959520243762e-02,-6.711026382069949781e-02,3.579678196729802614e-02,6.077583452316235452e-02,9.669328880387753622e-02,1.455548911256960842e-01,-8.806465050939112083e-02,6.191997531348873707e-02,1.270987278937761762e-02,1.476860651735235619e-01,7.295811729298683213e-02,2.343832716156610263e-01,-3.232951824898841475e-01,2.183959290408990506e-02,1.126590524338714344e-02,-2.294338700110331308e-01
1.018627581222318002e+00,8.288362530123299932e-01,1.035314749481383023e+00,7.996315194770203805e-01,8.005397192631705794e-01,7.561482253354252503e-01,9.859687167304709288e-01,1.011284890698546102e+00,9.360208120851326585e-01,9.443325865313098033e-01,8.548974924618388815e-01,7.773978107370732582e-01,9.537031396963229213e-01,1.019183052600170170e+00,1.019796855123585644e+00,9.711678142146795700e-01,9.739769126392324727e-01,7.996090171639009814e-01,9.962519408712906532e-01,8.917557782271936517e-01,9.447746626448970675e-01,9.519122666884796136e-01,9.823839664774715041e-01,8.716767217883006902e-01,1.001181402720201730e+00,8.861101025483302251e-01,7.821259080174279843e-01,1.029051715272031098e+00,1.019819918667069114e+00,1.037209053117126079e+00,7.444179159707362547e-01,9.014174981932928654e-01,9.754197746178165929e-01,6.550622746395940998e-01
